username,email
Hetvi ABC shah,hetvi@gmail.com
yash,yash@gmail.com
hetvi,hetvi4@gmail.com
riya,riya@gmail.com
Bob,bob@example.com
Komal,komal@gmail.com
Charlie,charlie@example.com
Chaya,chaya@example.com
Sandip,sandip@gmail.com
Anita,anita@example.com
Raj,raj@example.com
Suman,suman@example.com
Rahul,rahul@example.com
Kavya,kavya@example.com
Ravi,ravi@example.com
Neha,neha@example.com
Maya,maya@example.com
Priya,priya@example.com
Deepak,deepak@example.com
Nisha,nisha@example.com
Manoj,manoj@example.com
Kiran,kiran@example.com
Jyoti,jyoti@example.com
Ajay,ajay@example.com
Kavitha,kavitha@example.com
Arun,arun@example.com
Rekha,rekha@example.com
Shivani,shivani@example.com
Vikram,vikram@example.com